{
  "id": "6c5b9d26-e802-4460-984a-d45b79421031",
  "generation": 1,
  "iteration": 2,
  "timestamp": 1775120934.5913835,
  "parent_id": "96361e09-c6df-4afd-8801-12a9391e1219",
  "metrics": {
    "combined_score": 0.3,
    "null_prediction_rate": 0.6,
    "prompt_length": 446,
    "reasoning_strategy": 0.6,
    "stage2_passed": 0.0,
    "timeout": true
  },
  "language": "text",
  "saved_at": 1775135796.3111353
}