{
  "id": "5e0a6706-31a3-4138-8655-f390ae45df65",
  "generation": 2,
  "iteration": 3,
  "current_iteration": 80,
  "metrics": {
    "combined_score": 0.28,
    "null_prediction_rate": 0.22,
    "prompt_length": 365.0,
    "reasoning_strategy": 0.30000000000000004,
    "parseable_answer_rate": 0.78,
    "avg_output_tokens": 405.96
  },
  "language": "text",
  "timestamp": 1776933544.9946525,
  "saved_at": 1776935840.6108377
}