{
  "id": "2c9f139d-f9a4-45c1-bfbc-a8e059b3f2ce",
  "generation": 2,
  "iteration": 4,
  "timestamp": 1776626417.8940928,
  "parent_id": "4d921c64-77f2-499d-a6a8-06dc68da319e",
  "metrics": {
    "combined_score": 0.3,
    "null_prediction_rate": 0.3,
    "prompt_length": 573,
    "reasoning_strategy": 0.65
  },
  "language": "text",
  "saved_at": 1776633122.5526855
}