{
  "id": "fe0231f1-0804-48ef-ab73-89642e0e7b53",
  "generation": 4,
  "iteration": 14,
  "timestamp": 1776055728.2963626,
  "parent_id": "45ba5a94-ea12-4197-bb49-9461941d6e1b",
  "metrics": {
    "combined_score": 0.4,
    "null_prediction_rate": 0.3,
    "prompt_length": 296,
    "reasoning_strategy": 0.6,
    "stage2_passed": 0.0,
    "timeout": true
  },
  "language": "text",
  "saved_at": 1776069495.9495888
}