{
  "id": "982dc127-4bb4-4f83-892f-e829ffd38eec",
  "generation": 0,
  "iteration": 0,
  "current_iteration": 30,
  "metrics": {
    "combined_score": 0.4,
    "prompt_length": 190,
    "reasoning_strategy": 0.6
  },
  "language": "text",
  "timestamp": 1773956872.5097485,
  "saved_at": 1773978150.0421515
}