{
  "id": "da553a5c-5150-482f-a709-a9dd5ae403e9",
  "generation": 1,
  "iteration": 13,
  "timestamp": 1776247719.0633564,
  "parent_id": "1e56348e-6cb8-4e65-b06f-28e8fc3c401f",
  "metrics": {
    "combined_score": 0.3,
    "null_prediction_rate": 0.6,
    "prompt_length": 333,
    "reasoning_strategy": 0.6,
    "stage2_passed": 0.0,
    "timeout": true
  },
  "language": "text",
  "saved_at": 1776252009.8610344
}